<?xml version="1.0" encoding="UTF-8"?>
<!DOCTYPE suite SYSTEM "http://testng.org/testng-1.0.dtd">
<suite name="Run Negative Scenarios">
    <parameter name="browser" value=""/>
    <test name="Check Registration with not matching password">
        <classes>
            <class name="testcases.TC01_Registration">
                <methods>
                    <include name="checkregwithnotmatchingpassword_N"/>
                </methods>
            </class>
        </classes>
    </test>


    <test name="Check login with invalid password">
        <classes>
            <class name="testcases.TC02_Login">
                <methods>
                    <exclude name="loginwithvaliddata_P"/>
                </methods>
            </class>
        </classes>
    </test>


    <test name="Check reset password with invalid email">
        <classes>
            <class name="testcases.TC03_ResetPassword">
                <methods>
                    <include name="resetpasswordwithinvalidemail_N"/>
                </methods>
            </class>
        </classes>
    </test>




</suite>

